Study,Sources,Serum,Number of sera Preprint,Number of sera Publication,Variant,Titers Preprint,Titers Publication,,
Chen,"https://doi.org/10.1101/2021.12.17.21267961 
 https://doi.org/10.1038/s41421-022-00375-5",2*CoronaVac + CoronaVac (1m post 3rd dose),292,292,WT,294.85,294.85,,
,,,,,BA.1,14.66,14.66,,
Gao,"https://doi.org/10.1101/2021.12.16.472391 
 https://doi.org/10.1056/nejmc2119426",2*CoronaVac + CoronaVac,16,16,WT,284,284,,
,,,,,BA.1,56,56,,
,,WT convalescent,16,16,WT,193,193,,
,,,,,BA.1,11.1,11.1,,
Klein,"https://www.biorxiv.org/content/10.1101/2022.04.06.487257v2.full.pdf 
 https://doi.org/10.1016/j.chom.2022.07.002",2*Pfizer,30,30,WT,561,561,,
,,,,,BA.1,11,11,,
,,,,,BA.1.1,8,8,,
,,,,,BA.2,15,15,,
,,,,,BA.2.12.1,17,17,,
,,,,,BA.4/5,11,11,,
,,3*Pfizer,30,30,WT,4773,4773,,
,,,,,BA.1,648,648,,
,,,,,BA.1.1,557,557,,
,,,,,BA.2,582,582,,
,,,,,BA.2.12.1,465,465,,
,,,,,BA.4/5,312,312,,
,,WT conv,20,20,WT,264,264,,
,,,,,BA.1,6,6,,
,,,,,BA.1.1,5,5,,
,,,,,BA.2,11,11,,
,,,,,BA.2.12.1,12,12,,
,,,,,BA.4/5,11,11,,
,,WT conv + Pfizer,20,20,WT,10671,10671,,
,,,,,BA.1,1674,1674,,
,,,,,BA.1.1,1521,1521,,
,,,,,BA.2,2103,2103,,
,,,,,BA.2.12.1,1946,1946,,
,,,,,BA.4/5,1456,1456,,
Kurhade/Shi,"https://doi.org/10.1101/2022.06.05.494889 
 https://doi.org/10.1080/22221751.2022.2099305",3*Pfizer (1m post 3rd dose),22,22,WT,1335,1335,,
,,,,,BA.1,393,393,,
,,,,,BA.2,298,298,,
,,,,,BA.2.12.1,315,315,,
,,,,,BA.3,216,216,,
,,,,,BA.4/5,103,103,,
,,BA.1 conv,20,20,WT,15,15,,
,,,,,BA.1,430,430,,
,,,,,BA.2,110,110,,
,,,,,BA.2.12.1,109,109,,
,,,,,BA.3,102,102,,
,,,,,BA.4/5,25,25,,
Screaton,https://www.cell.com/cell/pdf/S0092-8674(21)01578-6.pdf?_returnURL=https%3A%2F%2Flinkinghub.elsevier.com%2Fretrieve%2Fpii%2FS0092867421015786%3Fshowall%3Dtrue,2*AZ (28d post 2nd dose),41,41,WT,390,390,,
,,,,,BA.1,21,21,,
,,2*AZ + AZ (28d post 3rd dose),41,41,WT,726,726,,
,,,,,BA.1,57,57,,
,,2*Pfizer (28d post 2nd dose),20,20,WT,1993,1993,,
,,,,,BA.1,19,19,,
,,2*Pfizer (6m post 2nd dose),20,20,WT,413,413,,
,,,,,BA.1,13,13,,
,,2*Pfizer + Pfizer (28d post 3rd dose),20,20,WT,9219,9219,,
,,,,,BA.1,649,649,,
,,Alpha convalescent (18d post inf),18,18,WT,1313,1313,,
,,,,,BA.1,39,39,,
,,Beta convalescent (61d post inf),14,14,WT,327,327,,
,,,,,BA.1,28,28,,
,,Delta convalescent (38d post inf),19,19,WT,47,47,,
,,,,,BA.1,27,27,,
,,Delta inf + vacc/ vacc + inf,17,17,WT,1899,1899,,
,,,,,BA.1,215,215,,
,,Gamma convalescent (63d post inf),16,16,WT,79,79,,
,,,,,BA.1,25,25,,
,,WT convlasecent (42d post inf),32,32,WT,475,475,,
,,,,,BA.1,28,28,,
Stiasny,"https://europepmc.org/article/ppr/ppr482009 
 https://doi.org/10.3389/fimmu.2022.946318",3*mRNA (3-4w post 3rd dose),15,15,WT,640,640,,
,,,,,BA.1,160,160,,
,,,,,BA.2,160,160,,
,,3*mRNA (3m post 3rd dose),15,15,WT,160,160,,
,,,,,BA.1,40,40,,
,,,,,BA.2,60,60,,
,,BA.1 Conv (3-4w post inf),18,22,WT,10,10,,
,,,,,BA.1,60,60,,
,,,,,BA.2,20,17.5,,
,,BA.2 Conv (3-4w post inf),7,21,WT,10,10,,
,,,,,BA.1,10,10,,
,,,,,BA.2,30,20,,
,,Omicron Breakthrough (3-4w post inf),11,43,WT,640,960,2,3
,,,,,BA.1,320,320,0.666666667,0.5
,,,,,BA.2,480,640,,
,,WT Conv (3-4w post inf),11,11,WT,640,640,,
,,,,,BA.1,30,30,,
,,,,,BA.2,40,40,,
,,WT Conv (6m post inf),11,11,WT,160,160,,
,,,,,BA.1,20,20,,
,,,,,BA.2,30,30,,
,,WT Inf + 3*mRNA (3-4w post),9,9,WT,640,640,,
,,,,,BA.1,120,120,,
,,,,,BA.2,240,240,,
To,https://www.thelancet.com/journals/lanmic/article/PIIS2666-5247(22)00060-X/fulltext,BA.2 conv,10,10,BA.1,16.3,16.3,,
,,,,,BA.2,32.5,32.5,,
,,Non-omicron + Pfizer,15,15,BA.1,12.6,12.6,,
,,,,,BA.2,29.4,29.4,,
,,Non-omicron conv,9,9,BA.1,211,211,,
,,,,,BA.2,422,422,,
Wang/Cao,"https://doi.org/10.1101/2022.07.18.500332 
 https://doi.org/10.1016/j.chom.2022.09.018",3*CoronaVac,40,40,D614G,652,652,,
,,,,,BA.1,122,122,,
,,,,,BA.2,130,130,,
,,,,,BA.2.12.1,105,105,,
,,,,,BA.4/5,72,72,,
,,,,,BA.2.38,124,124,,
,,,,,BA.2.75,90,90,,
,,,,,BA.2.76,93,93,,
,,3*CoronaVac+BA.1,50,50,D614G,1545,1545,,
,,,,,BA.1,852,852,,
,,,,,BA.2,452,452,,
,,,,,BA.2.12.1,244,244,,
,,,,,BA.4/5,107,107,,
,,,,,BA.2.38,443,443,,
,,,,,BA.2.75,197,197,,
,,,,,BA.2.76,205,205,,
,,3*CoronaVac+BA.2,39,39,D614G,1245,1245,,
,,,,,BA.1,282,282,,
,,,,,BA.2,696,696,,
,,,,,BA.2.12.1,290,290,,
,,,,,BA.4/5,175,175,,
,,,,,BA.2.38,613,613,,
,,,,,BA.2.75,217,217,,
,,,,,BA.2.76,227,227,,
,,3*CoronaVac+BA.5,8,8,D614G,1401,1401,,
,,,,,BA.1,161,161,,
,,,,,BA.2,811,811,,
,,,,,BA.2.12.1,691,691,,
,,,,,BA.4/5,481,481,,
,,,,,BA.2.38,755,755,,
,,,,,BA.2.75,115,115,,
,,,,,BA.2.76,221,221,,
,,3*CoronaVac+Delta,16,16,D614G,434,434,,
,,,,,BA.1,115,115,,
,,,,,BA.2,140,140,,
,,,,,BA.2.12.1,125,125,,
,,,,,BA.4/5,90,90,,
,,,,,BA.2.38,135,135,,
,,,,,BA.2.75,67,67,,
,,,,,BA.2.76,75,75,,